{
  "artist": {
    "name": "Denisas Kolomyckis",
    "roles": [
      "interdisciplinary artist",
      "performer",
      "maker"
    ],
    "location": "Europe",
    "email": "hello@example.com",
    "instagram": "",
    "statement": [
      "Denisas Kolomyckis works across performance, installation, sculpture, and image.",
      "The practice treats the body as material and documentation as an artwork in its own right—moving between stage, gallery, and publication.",
      "This one-page site is designed as a living index: a field of images you can sift, shuffle, and open—more like a studio wall than a catalogue."
    ],
    "practice": [
      {
        "label": "Performance",
        "text": "Scores, durational actions, staged scenes, and documentation that refuses to be neutral."
      },
      {
        "label": "Sculpture",
        "text": "Objects and assemblages that hold traces: pressure, wear, gesture, residue."
      },
      {
        "label": "Installation",
        "text": "Spatial compositions—lighting, materials, and constraints—built to be walked through."
      },
      {
        "label": "Image",
        "text": "Photography/video as both witness and construction: captions, credits, and context are part of the work."
      }
    ],
    "press_note": "Replace/expand this copy with official bio + CV text (the provided PDF appears largely image-based, so text could not be reliably extracted automatically)."
  },
  "magnet": {
    "file": "magnet.pdf",
    "headline": "Beat Tetris to unlock the magnet.",
    "subhead": "Three moves. That’s it. After your 3rd move, the email form appears."
  },
  "works": [
    {
      "id": "p01",
      "title": "Work 01",
      "year": "",
      "medium": "",
      "notes": "",
      "tags": [
        "Selected"
      ],
      "thumb": "assets/thumbs/t_01.jpg",
      "image": "assets/pages/p_01.jpg"
    },
    {
      "id": "p02",
      "title": "Work 02",
      "year": "",
      "medium": "",
      "notes": "",
      "tags": [
        "Selected"
      ],
      "thumb": "assets/thumbs/t_02.jpg",
      "image": "assets/pages/p_02.jpg"
    },
    {
      "id": "p03",
      "title": "Work 03",
      "year": "",
      "medium": "",
      "notes": "",
      "tags": [
        "Selected"
      ],
      "thumb": "assets/thumbs/t_03.jpg",
      "image": "assets/pages/p_03.jpg"
    },
    {
      "id": "p04",
      "title": "Work 04",
      "year": "",
      "medium": "",
      "notes": "",
      "tags": [
        "Selected"
      ],
      "thumb": "assets/thumbs/t_04.jpg",
      "image": "assets/pages/p_04.jpg"
    },
    {
      "id": "p05",
      "title": "Work 05",
      "year": "",
      "medium": "",
      "notes": "",
      "tags": [
        "Selected"
      ],
      "thumb": "assets/thumbs/t_05.jpg",
      "image": "assets/pages/p_05.jpg"
    },
    {
      "id": "p06",
      "title": "Work 06",
      "year": "",
      "medium": "",
      "notes": "",
      "tags": [
        "Selected"
      ],
      "thumb": "assets/thumbs/t_06.jpg",
      "image": "assets/pages/p_06.jpg"
    },
    {
      "id": "p07",
      "title": "Work 07",
      "year": "",
      "medium": "",
      "notes": "",
      "tags": [
        "Selected"
      ],
      "thumb": "assets/thumbs/t_07.jpg",
      "image": "assets/pages/p_07.jpg"
    },
    {
      "id": "p08",
      "title": "Work 08",
      "year": "",
      "medium": "",
      "notes": "",
      "tags": [
        "Selected"
      ],
      "thumb": "assets/thumbs/t_08.jpg",
      "image": "assets/pages/p_08.jpg"
    },
    {
      "id": "p09",
      "title": "Work 09",
      "year": "",
      "medium": "",
      "notes": "",
      "tags": [
        "Selected"
      ],
      "thumb": "assets/thumbs/t_09.jpg",
      "image": "assets/pages/p_09.jpg"
    },
    {
      "id": "p10",
      "title": "Work 10",
      "year": "",
      "medium": "",
      "notes": "",
      "tags": [
        "Selected"
      ],
      "thumb": "assets/thumbs/t_10.jpg",
      "image": "assets/pages/p_10.jpg"
    },
    {
      "id": "p11",
      "title": "Work 11",
      "year": "",
      "medium": "",
      "notes": "",
      "tags": [
        "Selected"
      ],
      "thumb": "assets/thumbs/t_11.jpg",
      "image": "assets/pages/p_11.jpg"
    },
    {
      "id": "p12",
      "title": "Work 12",
      "year": "",
      "medium": "",
      "notes": "",
      "tags": [
        "Selected"
      ],
      "thumb": "assets/thumbs/t_12.jpg",
      "image": "assets/pages/p_12.jpg"
    },
    {
      "id": "p13",
      "title": "Work 13",
      "year": "",
      "medium": "",
      "notes": "",
      "tags": [
        "Selected"
      ],
      "thumb": "assets/thumbs/t_13.jpg",
      "image": "assets/pages/p_13.jpg"
    },
    {
      "id": "p14",
      "title": "Work 14",
      "year": "",
      "medium": "",
      "notes": "",
      "tags": [
        "Selected"
      ],
      "thumb": "assets/thumbs/t_14.jpg",
      "image": "assets/pages/p_14.jpg"
    },
    {
      "id": "p15",
      "title": "Work 15",
      "year": "",
      "medium": "",
      "notes": "",
      "tags": [
        "Selected"
      ],
      "thumb": "assets/thumbs/t_15.jpg",
      "image": "assets/pages/p_15.jpg"
    },
    {
      "id": "p16",
      "title": "Work 16",
      "year": "",
      "medium": "",
      "notes": "",
      "tags": [
        "Selected"
      ],
      "thumb": "assets/thumbs/t_16.jpg",
      "image": "assets/pages/p_16.jpg"
    },
    {
      "id": "p17",
      "title": "Work 17",
      "year": "",
      "medium": "",
      "notes": "",
      "tags": [
        "Selected"
      ],
      "thumb": "assets/thumbs/t_17.jpg",
      "image": "assets/pages/p_17.jpg"
    },
    {
      "id": "p18",
      "title": "Work 18",
      "year": "",
      "medium": "",
      "notes": "",
      "tags": [
        "Selected"
      ],
      "thumb": "assets/thumbs/t_18.jpg",
      "image": "assets/pages/p_18.jpg"
    },
    {
      "id": "p19",
      "title": "Work 19",
      "year": "",
      "medium": "",
      "notes": "",
      "tags": [
        "Selected"
      ],
      "thumb": "assets/thumbs/t_19.jpg",
      "image": "assets/pages/p_19.jpg"
    },
    {
      "id": "p20",
      "title": "Work 20",
      "year": "",
      "medium": "",
      "notes": "",
      "tags": [
        "Selected"
      ],
      "thumb": "assets/thumbs/t_20.jpg",
      "image": "assets/pages/p_20.jpg"
    },
    {
      "id": "p21",
      "title": "Work 21",
      "year": "",
      "medium": "",
      "notes": "",
      "tags": [
        "Selected"
      ],
      "thumb": "assets/thumbs/t_21.jpg",
      "image": "assets/pages/p_21.jpg"
    },
    {
      "id": "p22",
      "title": "Work 22",
      "year": "",
      "medium": "",
      "notes": "",
      "tags": [
        "Selected"
      ],
      "thumb": "assets/thumbs/t_22.jpg",
      "image": "assets/pages/p_22.jpg"
    },
    {
      "id": "p23",
      "title": "Work 23",
      "year": "",
      "medium": "",
      "notes": "",
      "tags": [
        "Selected"
      ],
      "thumb": "assets/thumbs/t_23.jpg",
      "image": "assets/pages/p_23.jpg"
    },
    {
      "id": "p24",
      "title": "Work 24",
      "year": "",
      "medium": "",
      "notes": "",
      "tags": [
        "Selected"
      ],
      "thumb": "assets/thumbs/t_24.jpg",
      "image": "assets/pages/p_24.jpg"
    },
    {
      "id": "p25",
      "title": "Work 25",
      "year": "",
      "medium": "",
      "notes": "",
      "tags": [
        "Selected"
      ],
      "thumb": "assets/thumbs/t_25.jpg",
      "image": "assets/pages/p_25.jpg"
    },
    {
      "id": "p26",
      "title": "Work 26",
      "year": "",
      "medium": "",
      "notes": "",
      "tags": [
        "Selected"
      ],
      "thumb": "assets/thumbs/t_26.jpg",
      "image": "assets/pages/p_26.jpg"
    },
    {
      "id": "p27",
      "title": "Work 27",
      "year": "",
      "medium": "",
      "notes": "",
      "tags": [
        "Selected"
      ],
      "thumb": "assets/thumbs/t_27.jpg",
      "image": "assets/pages/p_27.jpg"
    },
    {
      "id": "p28",
      "title": "Work 28",
      "year": "",
      "medium": "",
      "notes": "",
      "tags": [
        "Selected"
      ],
      "thumb": "assets/thumbs/t_28.jpg",
      "image": "assets/pages/p_28.jpg"
    },
    {
      "id": "p29",
      "title": "Work 29",
      "year": "",
      "medium": "",
      "notes": "",
      "tags": [
        "Selected"
      ],
      "thumb": "assets/thumbs/t_29.jpg",
      "image": "assets/pages/p_29.jpg"
    },
    {
      "id": "p30",
      "title": "Work 30",
      "year": "",
      "medium": "",
      "notes": "",
      "tags": [
        "Selected"
      ],
      "thumb": "assets/thumbs/t_30.jpg",
      "image": "assets/pages/p_30.jpg"
    },
    {
      "id": "p31",
      "title": "Work 31",
      "year": "",
      "medium": "",
      "notes": "",
      "tags": [
        "Selected"
      ],
      "thumb": "assets/thumbs/t_31.jpg",
      "image": "assets/pages/p_31.jpg"
    },
    {
      "id": "p32",
      "title": "Work 32",
      "year": "",
      "medium": "",
      "notes": "",
      "tags": [
        "Selected"
      ],
      "thumb": "assets/thumbs/t_32.jpg",
      "image": "assets/pages/p_32.jpg"
    },
    {
      "id": "p33",
      "title": "Work 33",
      "year": "",
      "medium": "",
      "notes": "",
      "tags": [
        "Selected"
      ],
      "thumb": "assets/thumbs/t_33.jpg",
      "image": "assets/pages/p_33.jpg"
    },
    {
      "id": "p34",
      "title": "Work 34",
      "year": "",
      "medium": "",
      "notes": "",
      "tags": [
        "Selected"
      ],
      "thumb": "assets/thumbs/t_34.jpg",
      "image": "assets/pages/p_34.jpg"
    },
    {
      "id": "p35",
      "title": "Work 35",
      "year": "",
      "medium": "",
      "notes": "",
      "tags": [
        "Selected"
      ],
      "thumb": "assets/thumbs/t_35.jpg",
      "image": "assets/pages/p_35.jpg"
    },
    {
      "id": "p36",
      "title": "Work 36",
      "year": "",
      "medium": "",
      "notes": "",
      "tags": [
        "Selected"
      ],
      "thumb": "assets/thumbs/t_36.jpg",
      "image": "assets/pages/p_36.jpg"
    },
    {
      "id": "p37",
      "title": "Work 37",
      "year": "",
      "medium": "",
      "notes": "",
      "tags": [
        "Selected"
      ],
      "thumb": "assets/thumbs/t_37.jpg",
      "image": "assets/pages/p_37.jpg"
    },
    {
      "id": "p38",
      "title": "Work 38",
      "year": "",
      "medium": "",
      "notes": "",
      "tags": [
        "Selected"
      ],
      "thumb": "assets/thumbs/t_38.jpg",
      "image": "assets/pages/p_38.jpg"
    },
    {
      "id": "p39",
      "title": "Work 39",
      "year": "",
      "medium": "",
      "notes": "",
      "tags": [
        "Selected"
      ],
      "thumb": "assets/thumbs/t_39.jpg",
      "image": "assets/pages/p_39.jpg"
    },
    {
      "id": "p40",
      "title": "Work 40",
      "year": "",
      "medium": "",
      "notes": "",
      "tags": [
        "Selected"
      ],
      "thumb": "assets/thumbs/t_40.jpg",
      "image": "assets/pages/p_40.jpg"
    },
    {
      "id": "p41",
      "title": "Work 41",
      "year": "",
      "medium": "",
      "notes": "",
      "tags": [
        "Selected"
      ],
      "thumb": "assets/thumbs/t_41.jpg",
      "image": "assets/pages/p_41.jpg"
    },
    {
      "id": "p42",
      "title": "Work 42",
      "year": "",
      "medium": "",
      "notes": "",
      "tags": [
        "Selected"
      ],
      "thumb": "assets/thumbs/t_42.jpg",
      "image": "assets/pages/p_42.jpg"
    },
    {
      "id": "p43",
      "title": "Work 43",
      "year": "",
      "medium": "",
      "notes": "",
      "tags": [
        "Selected"
      ],
      "thumb": "assets/thumbs/t_43.jpg",
      "image": "assets/pages/p_43.jpg"
    },
    {
      "id": "p44",
      "title": "Work 44",
      "year": "",
      "medium": "",
      "notes": "",
      "tags": [
        "Selected"
      ],
      "thumb": "assets/thumbs/t_44.jpg",
      "image": "assets/pages/p_44.jpg"
    },
    {
      "id": "p45",
      "title": "Work 45",
      "year": "",
      "medium": "",
      "notes": "",
      "tags": [
        "Selected"
      ],
      "thumb": "assets/thumbs/t_45.jpg",
      "image": "assets/pages/p_45.jpg"
    },
    {
      "id": "p46",
      "title": "Work 46",
      "year": "",
      "medium": "",
      "notes": "",
      "tags": [
        "Selected"
      ],
      "thumb": "assets/thumbs/t_46.jpg",
      "image": "assets/pages/p_46.jpg"
    },
    {
      "id": "p47",
      "title": "Work 47",
      "year": "",
      "medium": "",
      "notes": "",
      "tags": [
        "Selected"
      ],
      "thumb": "assets/thumbs/t_47.jpg",
      "image": "assets/pages/p_47.jpg"
    },
    {
      "id": "p48",
      "title": "Work 48",
      "year": "",
      "medium": "",
      "notes": "",
      "tags": [
        "Selected"
      ],
      "thumb": "assets/thumbs/t_48.jpg",
      "image": "assets/pages/p_48.jpg"
    },
    {
      "id": "p49",
      "title": "Work 49",
      "year": "",
      "medium": "",
      "notes": "",
      "tags": [
        "Selected"
      ],
      "thumb": "assets/thumbs/t_49.jpg",
      "image": "assets/pages/p_49.jpg"
    }
  ]
}